ID,@01Whatisyourmotivationtotakepartinthemodule,@01Howmotivatedareyoutodaytotakepartinthistraining,@02Video,@03LearningObjectivesScore,@04Ienjoyeddoingthislearningmoduleverymuch,@04Ithoughtthiswasaboringlearningmodule,BoringModule,@04BecauseIamdoingitforpersonalreasons,@04Thislearningmoduledidnotholdmyattentionatall,HoldingAttention,@04Iwoulddescribethislearningmoduleveryinteresting,@04BecauseIamsupposedtodoit,@04BecauseitissomethingthatIhavetodo,@04ItrytolearnasmuchasIcanfromtrainingprograms,@04Traininginmyplaceofemploymentisawasteoftime,Trainingwasteoftime,@04Iunderstandhowtrainingscanhelpmereachmyprofessionaldevelopmen,@04IusuallyunderstandwhyIamaskedtoattendselfdirectedonlineprogra,@04Participationinonlinetraininghelpmypersonaldevelopment,@04Ioftenthinkabouthowtoimprovemyjobperformance,@04BecauseIthinkthatthistrainingisgoodforme,@04IhavethefeelingthatIhavelearnedalot,@04InowfeelabletoapplywhatIhavelearnt,@04Theusageofthefeatureisclearforme,@04Ithoughtcontentwasmissing,ContentMissing,@04Thelengthofthemodulewasgood,@04Theexplanationswerecoherent,@04Trainingisagoodwaytoprogressinmycareer,InterestEnjoyment,ExternalRegulation,Employeemotivation,Performance,GeneralFeedback,@05Whatisyourgender,@05WhatisyourJobposition,@05Country,@05Whatisyourhighestlevelofeducation,@05Howlongisyourprofessionalexperienceinyourcurrentprofession,@05Whenitcomestotechnology…,@05Identifier1,@05Identifier2,@05AdditionalFeedback,@06LearningObjectivesScore,@06HowoftenareyouusingSolutionNGinyourdailywork,Age,old_InterestEnjoyment,IdentifiedRegulation,filter_$
1001,2,4,1,25,4,3,3,4,3,3,3,2,2,4,2,4,4,4,4,4,4,4,4,4,2,4,4,4,4,3.4,2,4,4,4,2,3,United States,4,1,2,ca,1995,N/A, , ,27,3.25,3,0
1002,2,4,1,66.67,5,1,5,1,1,5,4,4,4,5,1,5,4,4,5,5,5,5,4,4,2,4,5,4,4,4.8,4,4.666666667,4.333333333,4.25,2,1,India,7,4,2,CS,1978,N/A,100,2,44,4.75,2.5,0
1003,3,3,1,83.33,4,2,4,2,3,3,3,3,3,3,2,4,4,4,3,3,4,3,4,3,3,3,4,4,3,3.6,3,3.5,3.333333333,3.5,2,3,Malaysia,5,3,2,ja, ,N/A, , , ,3.5,2.5,0
1004,2,4,1,83.33,4,2,4,3,2,4,4,2,4,4,2,4,4,4,4,4,4,4,4,4,2,4,4,3,4,4,3,4,4,3.75,2,1,India,4,4,2,RM,1986,N/A,92.86,3,36,4,3.5,0
1005,3,4,1,100,4,1,5,1,1,5,4,2,2,5,1,5,5,5,5,5,5,4,4,4,2,4,4,4,5,4.6,2,5,4,4.25,2,3,Singapore,4,4,2,Be,1985,No feedback or suggestion at this moment as I have just started learning and need more information to explore the application., , ,37,4.5,1.5,0
1006,2,3,1,83.33,4,2,4,2,2,4,4,3,3,5,4,2,5,4,4,5,3,3,4,5,2,4,5,5,3,3.8,3,4.166666667,4,4.25,2,3,Switzerland,4,1,2,Fu,1997,N/A, , ,25,4,2.5,0
1007,2,4,1,58.33,4,1,5,1,1,5,4,4,5,4,2,4,4,4,4,5,4,3,4,4,2,4,4,4,4,4.4,4.5,4.166666667,3.666666667,4,2,3,India,4,4,2,Th, ,Such small portion training modules for each cockpit in a certain short duration can help each individuals to learn and implement quickly & correctly..,100,3, ,4.5,3,0
1008,2,4,1,33.33,5,1,5,2,1,5,5,2,4,4,1,5,5,5,5,5,5,5,5,5,2,4,4,5,4,5,3,4.833333333,5,4.25,2,2,India,4,4,2,DL,1988,"Nothing to add, its a good training",52.86,2,34,5,3,0
1009,1,4,1,41.67,5,1,5,4,1,5,4,5,5,5,1,5,5,4,5,5,5,4,5,4,2,4,5,4,5,4.8,5,4.833333333,4.333333333,4.5,2,1,India,4,3,1,BA,1988,NO,45.71,4,34,4.75,4.5,0
1010,2,4,1,83.33,5,1,5,1,1,5,5,2,2,5,1,5,5,4,5,3,5,4,4,4,2,4,4,4,5,5,2,4.5,4,4.25,1,2,India,5,4,2,RA,1980,N/A,71.43,3,42,5,1.5,0
1011,3,3,1,33.33,3,3,3,3,2,4,4,4,4,4,2,4,4,4,4,4,4,3,3,3,3,3,5,4,4,3.6,4,4,3,4,2,3,Korea,4,4,2,., ,.,81.43,1, ,3.5,3.5,0
1012,3,5,1,83.33,4,2,4,2,4,2,4,4,4,4,2,4,4,4,4,4,4,4,4,4,2,4,4,4,4,3.6,4,4,4,4,2,1,India,4,3,2,HM,1990,No,45.71,6,32,3.5,3,0
1013,3,3,1,83.33,4,2,4,4,2,4,4,2,2,4,2,4,4,4,4,4,4,4,4,4,2,4,4,4,4,4,2,4,4,4,1,2,Lithuania,5,4,1,JA,1978,N/A, , ,44,4,3,0
1014,1,4,1,100,4,2,4,3,2,4,2,3,3,5,1,5,4,4,5,4,3,4,4,4,2,4,5,3,4,3.4,3,4.5,4,4,2,1,Norway,5,4,2,Kj,1975,N/A,100,4,47,3.5,3,0
1015,2,4,1,83.33,4,1,5,1,1,5,5,1,4,5,1,5,5,5,5,5,5,2,4,4,2,4,4,4,4,4.8,2.5,5,3.333333333,4,2,1,India,4,4,2,HL,1973,N/A,100,4,49,4.75,2.5,0
1016,2,4,1,33.33,5,2,4,2,2,4,4,4,5,5,1,5,5,4,5,4,5,4,4,4,1,5,4,4,4,4.4,4.5,4.666666667,4,4.25,2,2,India,4,4,1,MO,1981,N/A,50,3,41,4.25,3.5,0
1017,3,3,1,33.33,2,4,2,2,2,4,2,4,4,4,1,5,4,4,4,4,4,4,4,4,4,2,4,4,4,2.8,4,4.166666667,4,3.5,3,2,Singapore,7,3,2,JS,1983,To provide the correct answer after the test for each questions instead of refer to the video again, , ,39,2.5,3,0
1018,3,5,1,41.67,3,3,3,3,3,3,3,3,3,3,3,3,3,3,3,3,3,3,3,3,3,3,3,2,3,3,3,3,3,2.75,3,2,Switzerland,7,2,2,12, ,N/A,60,1, ,3,3,0
1019,3,4,1,83.33,4,1,5,3,2,4,4,4,4,5,2,4,4,4,4,5,4,3,4,4,3,3,3,4,5,4.2,4,4.333333333,3.666666667,3.75,2,3,India,5,4,2,De,1974,Please find below my suggestion: Either the entire training courses should be divided into 3 or 4 parts Instead of 12 Or there should be a next button in place after completion of each module so that someone can land directly to the next module instead of using back buttons to reach the home page and again start the next module. May be we can save some time., , ,48,4.25,3.5,0
1020,3,4,1,83.33,4,2,4,4,2,4,3,2,2,4,1,5,5,4,4,4,4,4,4,4,3,3,4,3,4,3.8,2,4.333333333,4,3.5,2,2,Switzerland,4,1,1,sc,1993,N/A, , ,29,3.75,3,0
1021,1,3,1,66.67,4,2,4,4,2,4,4,4,4,4,2,4,4,4,4,4,4,4,4,4,2,4,4,4,4,4,4,4,4,4,1,3,Singapore,4,2,1,Ph,1969,No, , ,53,4,4,0
1022,2,4,1,83.33,3,3,3,4,2,4,3,2,2,5,1,5,5,4,4,4,4,3,4,4,3,3,5,4,3,3.4,2,4.5,3.666666667,3.75,2,3,Switzerland,4,4,2,Kr,1965,N/A,67.14,1,57,3.25,3,0
1023,2,4,1,33.33,4,2,4,4,2,4,4,4,4,5,1,5,5,4,5,5,5,4,4,4,2,4,3,4,5,4.2,4,4.833333333,4,4,2,3,Taiwan,5,4,2,VI,1983,no, , ,39,4,4,0
1024,3,5,1,58.33,4,3,3,4,2,4,3,4,5,5,2,4,4,4,4,4,4,3,3,4,2,4,2,4,3,3.6,4.5,4.166666667,3.333333333,3.25,1,3,Indonesia,4,2,4,CE,1996,N/A, , ,26,3.5,4.5,0
1025,2,4,1,41.67,5,2,4,2,1,5,5,4,2,5,1,5,5,5,5,5,5,3,4,4,2,4,5,4,5,4.8,3,5,3.666666667,4.5,2,2,India,5,4,2,CH,1976,NO,100,3,46,4.75,2,0
1026,2,2,1,75,4,2,4,2,2,4,4,4,4,4,2,4,4,4,4,4,4,2,4,4,2,4,4,4,4,4,4,4,3.333333333,4,2,1,India,4,3,2,D3,1992,No,74.29,3,30,4,3,0
1027,2,4,1,41.67,4,2,4,1,1,5,5,5,5,5,1,5,5,5,5,5,5,5,5,5,2,4,5,5,5,4.6,5,5,5,4.75,2,1,India,4,3,2,Sh,1984,Module is good to learn something new and helpful for the organization and self growth that helps to implement in our projects.,60,2,38,4.5,3,0
1028,2,4,1,58.33,4,1,5,1,1,5,5,1,1,5,1,5,5,5,5,5,2,5,5,5,1,5,5,5,5,4.2,1,5,5,5,2,1,India,4,4,2,NI,1983,Nice session,67.14,4,39,4.75,1,0
1029,3,3,1,50,4,3,3,2,2,4,4,4,4,4,2,4,4,4,4,4,4,4,4,4,3,3,4,4,4,3.8,4,4,4,3.75,1,2,Hong Kong,4,4,3,KT,1977,nil, , ,45,3.75,3,0
1030,2,4,1,33.33,4,3,3,4,2,4,4,2,4,5,1,5,5,5,5,5,5,4,4,4,2,4,4,4,4,4,3,5,4,4,2,1,India,7,4,2,DW,1978,Its fine,64.29,3,44,3.75,4,0
1031,2,5,1,66.67,4,2,4,2,2,4,4,4,4,4,1,5,5,5,5,4,4,4,4,4,3,3,4,4,5,4,4,4.666666667,4,4,2,3,United Arab Emirates,4,4,1,JL,1988,NO, , ,34,4,3,0
1032,3,4,1,50,4,2,4,2,2,4,4,2,2,5,2,4,5,4,4,5,4,4,4,3,3,3,4,4,4,4,2,4.5,3.666666667,3.75,1,2,Malaysia,4,3,2,MY,1964,Hope to get support when we encounter the problem., , ,58,4,2,0
1033,2,4,1,41.67,4,2,4,4,2,4,4,4,4,4,4,2,4,4,4,4,4,4,4,4,3,3,4,4,4,4,4,3.666666667,4,3.75,2,1,Hong Kong,5,4,2,as,1971,no, , ,51,4,4,0
1034,2,3,1,100,3,4,2,3,4,2,3,2,2,5,2,4,4,4,3,4,3,2,4,3,3,3,5,3,3,2.6,2,4,3,3.5,2,3,Austria,2,1,2,1,2002,N/A, , ,20,2.5,2.5,0
1035,2,3,1,25,4,3,3,4,2,4,3,4,4,4,2,4,4,4,4,4,4,4,4,4,3,3,4,3,4,3.6,4,4,4,3.5,3,3,Thailand,5,2,1,KL,1991,nothing, , ,31,3.5,4,0
1036,2,4,1,58.33,4,2,4,2,2,4,4,2,4,4,1,5,4,4,4,4,4,4,4,4,2,4,5,4,3,4,3,4.166666667,4,4,2,3,South Africa,5,3,2,To,1982,"No, thank you for the informative training on Solution NG", , ,40,4,3,0
1037,2,3,1,33.33,4,3,3,3,3,3,4,4,4,4,2,4,4,3,4,4,4,4,4,4,3,3,4,3,4,3.6,4,3.833333333,4,3.5,2,1,Singapore,2,4,4,wl,1972,no, , ,50,3.5,3.5,0
1038,3,5,1,83.33,5,1,5,3,1,5,5,5,5,5,1,5,5,5,5,5,5,5,5,5,1,5,5,5,5,5,5,5,5,5,2,1,India,4,3,2,SA,1993,this training is useful,74.29,4,29,5,4,0
1039,2,5,1,58.33,5,3,3,5,2,4,4,2,2,4,2,4,5,5,4,4,4,4,4,4,2,4,4,4,4,4,2,4.333333333,4,4,2,3,India,5,3,2,BA,1981,N/A,88.57,6,41,4,3.5,0
1040,2,3,1,50,4,2,4,4,2,4,4,4,4,4,2,4,4,4,4,4,4,2,4,4,2,4,4,4,4,4,4,4,3.333333333,4,1,1,India,4,4,4,GH,1990,NA,45.71,1,32,4,4,0
1041,2,3,1,33.33,4,2,4,3,4,2,4,5,5,5,2,4,5,4,5,4,5,4,4,4,2,4,5,4,4,3.8,5,4.5,4,4.25,1,2,Thailand,5,4,2,KT,1982,Overall training absolutely perfect as it's cover all every parts,74.29,5,40,3.5,4,0
1042,2,4,1,83.33,4,2,4,2,2,4,4,4,4,4,2,4,4,4,4,4,4,3,4,4,3,3,4,4,4,4,4,4,3.666666667,3.75,2,3,India,4,4,2,RA,1969,No of questions can be reduced.,92.86,3,53,4,3,0
1043,2,4,1,58.33,4,2,4,2,2,4,4,2,2,4,2,4,4,4,4,4,4,4,4,4,2,4,4,4,4,4,2,4,4,4,2,3,India,4,4,2,SS,1978,Good session,60,1,44,4,2,0
1044,3,4,1,83.33,5,2,4,2,2,4,4,4,4,5,3,3,5,4,5,5,5,5,5,5,2,4,4,4,4,4.4,4,4.5,5,4,2,1,India,4,4,2,vi,1981,No,52.86,5,41,4.25,3,0
1045,2,5,1,33.33,4,2,4,2,2,4,4,2,4,4,2,4,4,4,4,4,4,4,4,4,2,4,4,4,4,4,3,4,4,4,2,2,India,5,4,4,LA,1980,NO,45.71,1,42,4,3,0
1046,3,4,1,41.67,4,2,4,3,2,4,4,4,3,4,2,4,4,4,4,4,4,4,4,4,2,4,4,3,4,4,3.5,4,4,3.75,2,3,India,4,4,2,GA,1971,Good training,81.43,5,51,4,3,0
1048,2,4,1,50,4,2,4,4,2,4,4,3,4,4,2,4,4,3,4,3,3,4,4,3,3,3,4,4,4,3.8,3.5,3.666666667,3.666666667,3.75,2,3,Switzerland,7,3,1,BI,1965,Das Ablesen von Feldern ist manchmal nicht so hilfreich - es werden wenig Anwender- freundliche Tricks oder Tipps gezeigt.,71.43,3,57,4,4,0
1049,3,4,1,66.67,3,3,3,3,3,3,3,3,3,4,2,4,4,4,4,4,3,3,4,4,3,3,3,3,4,3,3,4,3.666666667,3.25,2,3,Singapore,4,4,2,ST,1986,I'm not sure if this survey is related to the Change Request module only or to the whole SolNG training program. Some of the questions were written in an unclear way., , ,36,3,3,0
1050,2,4,1,58.33,5,1,5,1,1,5,5,5,5,5,1,5,5,5,5,5,5,5,5,5,1,5,5,5,5,5,5,5,5,5,2,1,United Arab Emirates,4,4,2,SZ,1971,Its a great WBT which I was always looking for. Kudos to the team and its leader who has put in their efforts to bring out such a great tool. Looking out for more modules in future., , ,51,5,3,0
1051,3,4,1,33.33,4,2,4,1,2,4,4,4,4,5,1,5,4,4,4,5,4,5,4,4,2,4,4,4,5,4,4,4.5,4.333333333,4.25,2,3,India,5,4,2,MU,1965,No,67.14,1,57,4,2.5,0
1052,2,4,1,75,4,2,4,3,2,4,4,3,4,4,2,4,4,3,4,4,4,4,4,4,3,3,4,4,4,4,3.5,3.833333333,4,3.75,2,2,Indonesia,4,1,3,Sa,1994,It was a comprehensive training, , ,28,4,3.5,0
1053,3,4,1,16.67,4,2,4,1,2,4,4,4,4,5,1,5,5,4,4,4,4,4,5,4,2,4,4,4,4,4,4,4.5,4.333333333,4,2,2,India,7,1,4,60,1991,N/A,45.71,5,31,4,2.5,0
1054,3,3,1,58.33,4,2,4,3,2,4,4,4,4,4,2,4,4,4,4,4,4,4,4,4,2,4,4,4,4,4,4,4,4,4,2,2,Hong Kong,2,4,1,NA,1974,NA, , ,48,4,3.5,0
1055,3,3,1,66.67,4,2,4,2,2,4,3,4,4,4,2,4,4,3,4,4,4,4,4,4,3,3,4,4,3,3.8,4,3.833333333,4,3.5,1,2,Singapore,7,4,2,ma,1965,no, , ,57,3.75,3,0
1056,2,4,1,50,4,2,4,2,1,5,4,1,2,4,1,5,5,4,5,5,4,4,3,4,3,3,4,4,5,4.2,1.5,4.666666667,3.666666667,4,2,3,United Arab Emirates,5,4,2,TY,1983,No,38.57,1,39,4.25,2,0
1057,3,4,1,75,4,2,4,4,2,4,3,4,2,4,2,4,4,4,4,4,4,4,3,4,3,3,4,3,4,3.8,3,4,3.666666667,3.5,2,2,Norway,3,4,3,sa,1961,N/A, , ,61,3.75,3,0
1058,2,5,1,33.33,5,5,1,4,1,5,4,4,4,4,1,5,4,4,4,4,5,5,4,4,2,4,4,5,5,4,4,4.166666667,4.333333333,4.5,2,3,China,4,1,2,PD,1984,Very good!, , ,38,3.75,4,0
1059,1,4,2,58.33,4,3,3,3,2,4,4,4,3,4,1,5,4,4,4,4,4,4,3,4,4,2,4,4,4,3.8,3.5,4.166666667,3.666666667,3.5,2,3,Saudi Arabia,4,4,1,TB,1983,N/A, , ,39,3.75,3,1
1060,2,3,2,66.67,4,2,4,2,2,4,4,3,4,4,2,4,4,4,4,4,4,2,3,4,2,4,4,4,4,4,3.5,4,3,4,2,1,India,4,4,2,Ba,1988,N/A,81.43,4,34,4,3,1
1061,2,4,2,58.33,4,2,4,2,2,4,5,2,3,5,1,5,5,3,4,5,4,4,4,4,3,3,4,4,4,4.2,2.5,4.5,4,3.75,2,1,India,5,2,2,AD,1994,N/A,60,4,28,4.25,2.5,1
1062,2,4,2,83.33,5,1,5,4,1,5,5,4,5,5,1,5,5,4,5,5,5,5,5,5,2,4,4,4,5,5,4.5,4.833333333,5,4.25,2,1,India,5,4,2,LU,1989,It was very good module and something new to learn. Thanks,45.71,4,33,5,4.5,1
1063,2,4,2,100,4,1,5,1,1,5,4,3,3,4,1,5,5,4,4,4,4,5,4,4,2,4,4,4,4,4.4,3,4.333333333,4.333333333,4,2,1,India,4,4,2,Pa,1982,Nothing,78.57,3,40,4.5,2,1
1064,3,4,2,75,4,1,5,2,2,4,4,4,4,4,3,3,4,4,4,4,4,4,2,4,2,4,4,4,4,4.2,4,3.833333333,3.333333333,4,1,3,France,5,2,2,PE,1977,NO,100,1,45,4.25,3,1
1065,3,4,2,50,4,2,4,2,4,2,4,4,4,4,2,4,4,4,4,4,5,4,4,4,3,3,4,3,4,3.8,4,4,4,3.5,2,1,Australia,5,4,1,Wh,1980,Too many menus introduced at the same time., , ,42,3.5,3,1
1066,2,3,2,83.33,4,2,4,4,2,4,4,4,4,4,2,4,4,4,4,4,4,4,4,4,2,4,4,4,4,4,4,4,4,4,2,1,India,4,4,1,RA,1982,.,52.86,4,40,4,4,1
1067,2,2,2,83.33,4,3,3,3,2,4,4,4,4,4,2,4,4,4,4,4,4,3,4,4,3,3,3,4,3,3.8,4,4,3.666666667,3.25,2,3,India,4,4,1,IN,1972,It is good exercise carried out. All the best,88.57,4,50,3.75,3.5,1
1068,3,2,2,33.33,4,2,4,2,2,4,4,4,4,4,2,4,4,4,4,4,4,4,4,4,2,4,4,4,4,4,4,4,4,4,1,2,Singapore,2,4,4,SG, ,No, , , ,4,3,1
1069,1,4,2,75,4,2,4,4,1,5,4,1,3,4,1,5,5,4,5,4,4,3,4,4,3,3,4,4,4,4.2,2,4.5,3.666666667,3.75,2,3,Norway,5,4,2,Ha,1967,It was background noise. Did not hear the first part of each topic. It should be possible to pass to next question without having to answere correctly.,71.43,3,55,4.25,3.5,1
1070,3,3,2,41.67,4,2,4,2,2,4,4,3,3,4,2,4,4,4,3,4,3,4,4,4,3,3,4,4,3,3.8,3,3.833333333,4,3.5,2,3,Singapore,7,2,2,SG,1976,-, , ,46,4,2.5,1
1071,2,4,2,50,4,2,4,4,2,4,4,2,2,4,2,4,4,4,4,4,4,4,4,4,2,4,4,4,4,4,2,4,4,4,1,2,Denmark,4,4,1,Gr,1964,NO, , ,58,4,3,1
1072,2,4,2,75,5,3,3,2,1,5,5,2,5,5,2,4,5,4,5,5,5,4,4,4,4,2,4,4,3,4.6,3.5,4.666666667,4,3.25,2,1,India,4,4,4,HY,1978,"This training is very good ,expected content has been explained . still some more this kind of trainings are to be provided with some more Questions and Answers with Certification",88.57,5,44,4.5,3.5,1
1073,2,3,2,58.33,4,2,4,2,2,4,4,4,4,4,2,4,4,4,4,4,4,4,4,3,2,4,4,3,4,4,4,4,3.666666667,3.75,2,1,Hong Kong,5,4,2,WA,1969,The questions for change management for somewhat difficult.,67.14,4,53,4,3,1
1074,3,4,2,75,5,1,5,4,1,5,4,2,2,5,1,5,5,2,4,4,4,4,4,4,3,3,4,4,4,4.6,2,4.166666667,4,3.75,1,3,Ireland,4,4,2,Ho,1990,Enjoyed the test questions, , ,32,4.75,3,1
1075,2,4,2,58.33,5,1,5,1,1,5,4,2,2,5,1,5,5,4,5,3,4,4,4,4,3,3,4,4,4,4.6,2,4.5,4,3.75,2,1,India,4,4,2,SK,1981,The module is good and useful,60,4,41,4.75,1.5,1
1076,2,2,2,58.33,3,2,4,4,2,4,4,3,2,4,2,4,4,4,3,4,4,4,4,3,3,3,4,4,2,3.8,2.5,3.833333333,3.666666667,3.25,2,2,Ireland,4,3,2,NA,1989,N/A,67.14,4,33,3.75,3,1
1077,1,3,2,83.33,2,4,2,2,4,2,2,3,2,4,2,4,4,3,4,4,3,3,3,4,3,3,4,4,4,2.2,2.5,3.833333333,3.333333333,3.75,2,3,Malaysia,4,4,2,Ja,1990,The lag in the system when opening certain training is troublesome, , ,32,2,2,1
1078,2,4,2,58.33,5,1,5,5,1,5,5,5,4,5,1,5,5,5,5,5,5,5,4,5,1,5,5,5,5,5,4.5,5,4.666666667,5,1,3,India,4,2,2,QU,1982,nope,67.14,5,40,5,4.5,1
1079,3,4,2,83.33,3,2,4,4,1,5,3,3,3,2,1,5,4,4,4,4,3,3,4,4,3,3,4,4,4,3.6,3,3.833333333,3.666666667,3.75,2,1,Norway,7,4,1,Hø,1977,N/A, , ,45,3.75,3.5,1
1080,2,5,2,50,5,1,5,1,1,5,5,5,5,5,1,5,5,5,5,5,5,5,5,5,1,5,5,5,5,5,5,5,5,5,2,1,India,5,4,4,BA,1987,No,64.29,3,35,5,3,1
1081,3,4,2,33.33,5,5,1,5,5,1,3,3,3,3,3,3,3,3,3,4,4,4,3,3,4,2,4,4,4,2.8,3,3.166666667,3.333333333,3.5,1,2,Korea,4,2,2,Hy,1985,No, , ,37,2.5,4,1
1082,2,4,2,41.67,4,2,4,3,2,4,4,3,4,5,1,5,5,5,5,4,4,4,4,4,2,4,4,4,4,4,3.5,4.833333333,4,4,2,2,India,4,4,2,ST,1975,It's good one.,60,5,47,4,3.5,1
1083,3,3,2,58.33,4,2,4,2,2,4,4,4,4,4,2,4,4,4,4,5,4,4,4,4,3,3,4,4,4,4,4,4.166666667,4,3.75,1,2,Australia,7,4,2,Va, ,N/A, , , ,4,3,1
1084,2,4,2,91.67,5,1,5,5,1,5,5,4,5,5,1,5,5,4,5,5,5,2,5,4,2,4,4,4,5,5,4.5,4.833333333,3.666666667,4.25,2,1,India,4,3,4,Mu,1996,No, , ,26,5,5,1
1085,3,3,2,100,4,2,4,3,2,4,4,4,4,4,1,5,4,4,4,4,4,4,3,3,3,3,4,4,4,4,4,4.166666667,3.333333333,3.75,2,1,South Africa,7,4,2,Si,1986,"None, thank you", , ,36,4,3.5,1
1086,2,4,2,66.67,4,2,4,2,2,4,4,3,3,4,2,4,4,4,4,4,4,4,1,4,2,4,3,3,4,4,3,4,3,3.5,2,3,France,4,4,2,MA,1987,N/A, , ,35,4,2.5,1
1087,3,5,2,66.67,4,2,4,2,2,4,4,2,2,5,1,5,5,4,5,5,4,5,4,5,2,4,5,4,5,4,2,4.833333333,4.666666667,4.5,2,3,India,5,2,2,ST,1992,NA,52.86,2,30,4,2,1
1088,3,3,2,58.33,4,2,4,4,2,4,4,4,4,5,1,5,5,5,5,4,5,4,4,4,2,4,4,4,4,4.2,4,4.833333333,4,4,2,1,Malaysia,4,4,2,JA,1977,No, , ,45,4,4,1
1089,2,4,2,100,5,3,3,2,1,5,5,4,4,5,1,5,5,5,5,4,5,5,4,4,2,4,4,4,4,4.6,4,4.833333333,4.333333333,4,1,2,Norway,2,4,2,Hø,1962,no, , ,60,4.5,3,1
1090,2,4,2,83.33,4,2,4,4,2,4,4,2,4,5,1,5,5,4,4,4,4,4,5,5,3,3,4,4,4,4,3,4.5,4.666666667,3.75,2,2,India,5,4,2,IN,1982,NO,67.14,4,40,4,4,1
1091,3,5,2,33.33,4,2,4,2,2,4,4,2,4,4,5,1,4,4,5,5,5,2,4,4,2,4,2,4,4,4.2,3,3.833333333,3.333333333,3.5,2,1,India,5,4,1,BV,1985,NO,67.14,4,37,4,3,1
1092,2,5,2,58.33,4,2,4,3,2,4,4,3,3,4,2,4,4,4,4,4,4,4,4,4,2,4,4,4,4,4,3,4,4,4,2,1,Australia,3,2,2,Fe,1997,N/A,88.57,1,25,4,3,1
1093,2,2,2,75,5,2,4,5,1,5,4,2,5,5,1,5,5,5,5,5,4,4,4,5,2,4,3,4,5,4.4,3.5,5,4.333333333,4,2,1,India,4,4,1,Ga,1987,No, , ,35,4.5,5,1
1094,3,3,2,66.67,2,3,3,2,2,4,4,4,4,4,2,4,4,4,4,4,3,3,4,4,2,4,2,2,3,3.2,4,4,3.666666667,2.75,1,3,Finland,4,4,2,ka,1974,N/A, , ,48,3.25,3,1
1095,3,3,2,58.33,3,2,4,3,3,3,3,4,4,4,2,4,4,4,4,4,4,4,3,3,3,3,3,3,4,3.4,4,4,3.333333333,3.25,1,3,Malaysia,4,3,3,16,1985,N/A, , ,37,3.25,3.5,1
1096,2,4,2,83.33,4,2,4,4,2,4,4,5,5,4,2,4,5,4,4,5,4,4,4,4,2,4,4,4,5,4,5,4.333333333,4,4.25,2,1,India,4,4,2,MK,1981,no,71.43,3,41,4,4.5,1
1097,2,5,2,75,5,1,5,2,1,5,5,5,5,5,1,5,5,5,5,5,5,5,5,5,1,5,5,5,5,5,5,5,5,5,2,3,India,4,4,1,GU,1977,Very helpful,100,5,45,5,3.5,1
1098,2,3,2,41.67,4,3,3,2,2,4,5,4,4,4,1,5,5,4,4,5,5,4,4,3,3,3,4,4,5,4.2,4,4.5,3.666666667,4,2,1,Saudi Arabia,4,4,1,BA,1985,NO, , ,37,4,3,1
1099,2,4,2,66.67,4,2,4,2,2,4,4,4,4,4,2,4,4,4,5,5,5,5,4,4,2,4,4,4,4,4.2,4,4.333333333,4.333333333,4,2,1,India,4,4,2,NG,1979,Training module is good.,64.29,3,43,4,3,1
1100,2,3,2,33.33,4,3,3,2,3,3,3,2,4,4,2,4,3,3,4,4,3,3,4,3,4,2,4,5,4,3.2,3,3.666666667,3.333333333,3.75,2,1,India,4,4,2,AT,1981,na, , ,41,3.25,3,1
1101,3,3,2,91.67,3,4,2,4,4,2,2,4,4,4,3,3,4,4,4,4,4,4,3,3,3,3,4,4,3,2.6,4,3.833333333,3.333333333,3.5,3,3,Malaysia,4,3,2,-,1980,-, , ,42,2.25,4,1
1102,3,4,2,75,4,3,3,3,2,4,4,3,3,5,1,5,4,4,4,5,5,4,4,5,3,3,4,5,3,4,3,4.5,4.333333333,3.75,2,2,Italy,4,4,2,ES,1970,no additional feedback,67.14,5,52,3.75,3,1
1103,3,5,2,16.67,5,4,2,2,2,4,4,4,4,5,1,5,5,5,5,5,5,4,4,4,3,3,4,4,4,4,4,5,4,3.75,2,2,India,5,4,2,SO,1979,Not exactly. Its a new tool and i believe it covers all that is required for correct and detailed reporting in project businesses that we have. Specially we have used other tool in past hence it appears to much more informative and have direct connects with SAP as well., , ,43,3.75,3,1
1104,3,5,2,100,5,1,5,2,1,5,5,5,5,5,1,5,5,5,5,5,5,5,5,5,2,4,5,5,5,5,5,5,5,4.75,2,1,United Arab Emirates,4,4,2,sz,1971,None,100,6,51,5,3.5,1
1105,2,4,2,83.33,5,4,2,2,1,5,5,3,5,5,1,5,5,4,5,5,5,5,5,5,2,4,4,5,5,4.4,4,4.833333333,5,4.5,2,2,India,4,3,2,RC,1981,It is a very good tool and learning for tracking purpose.Session was managed so nicely and crisp and short.,52.86,5,41,4.25,3.5,1
1106,2,5,2,83.33,4,2,4,2,2,4,4,4,4,5,1,5,5,4,5,5,5,3,4,4,2,4,4,3,4,4.2,4,4.833333333,3.666666667,3.75,2,1,India,4,4,2,SK,1988,Such modules should regularly be introduced,78.57,3,34,4,3,1
1107,1,2,2,83.33,2,2,4,3,2,4,2,2,2,4,2,4,4,4,4,3,4,4,3,3,4,2,4,3,3,3.2,2,3.833333333,3.333333333,3,2,1,Norway,3,4,2,Ne,1975,De training was unstable and slow.,78.57,3,47,3,2.5,1
1108,2,5,2,33.33,5,1,5,1,1,5,5,5,5,5,1,5,5,5,5,5,5,5,5,5,1,5,5,5,5,5,5,5,5,5,1,2,Korea,4,4,2,., ,N/A, , , ,5,3,1
1109,2,4,2,58.33,3,4,2,1,2,4,3,4,4,5,1,5,5,4,5,5,5,4,4,4,3,3,3,3,4,3.4,4,4.833333333,4,3.25,2,2,Malaysia,4,4,2,NA, ,N/A, , , ,3,2.5,1
1110,2,4,2,66.67,5,2,4,2,4,2,5,2,2,5,1,5,5,4,4,4,3,4,4,4,1,5,5,4,5,3.8,2,4.5,4,4.75,2,1,India,2,2,2,AR,1977,"NO, Thanks, very nice session.",100,3,45,4,2,1
1111,2,3,1,41.67,4,2,4,5,1,5,4,4,4,4,2,4,4,5,5,5,4,4,4,3,3,3,4,4,5,4.2,4,4.5,3.666666667,4,2,1,Taiwan,5,4,2,TW,1967,"Questions should be single-choice questions. It is recommended that the test content should let users understand ""why do this operation or what to fill in this information"".", , ,55,4.25,4.5,0
1112,2,4,1,16.67,5,2,4,2,2,4,1,5,4,4,2,4,5,4,5,4,4,4,4,4,2,4,4,4,4,3.6,4.5,4.333333333,4,4,1,2,India,5,4,2,SH,1986, ,100,2,36,3.5,3,0
1113,3,4,2,41.67,4,4,2,4,4,2,4,4,4,4,4,2,4,4,4,4,4,4,4,4,2,4,4,4,4,3.2,4,3.666666667,4,4,1,3,South Africa,2,2,4,GO,1971,No, , ,51,3,4,1
1114,3,3,2,33.33,3,4,2,3,4,2,3,4,4,3,2,4,4,4,4,4,3,3,4,4,3,3,4,3,4,2.6,4,3.833333333,3.666666667,3.5,2,3,South Africa,4,3,2,Er,1965,N/A, , ,57,2.5,3.5,1